weekly_logins,avg_session_minutes,timetable_views,notification_click_rate,attendance_rate,assignment_submission_rate,gpa,engagement_score,dropout_risk
9.91,21.09,8.06,0.489,0.779,0.769,3.05,0.601,0
5.88,14.53,13.08,0.395,0.824,0.791,3.24,0.545,0
11.25,25.65,18.52,0.793,0.856,0.718,3.6,0.711,0
11.82,14.23,15.39,0.468,0.886,0.777,2.33,0.643,0
3.15,14.18,12.1,0.483,0.804,0.774,3.35,0.507,0
5.09,21.25,11.95,0.754,0.806,0.808,3.65,0.596,1
9.38,22.58,11.73,0.715,0.986,0.403,1.55,0.605,1
8.05,20.69,10.72,0.738,0.965,1.0,3.13,0.694,0
8.95,7.89,29.69,0.508,0.877,0.756,3.37,0.629,0
6.44,21.23,17.79,0.739,1.0,0.873,2.52,0.684,0
11.64,11.79,21.32,0.781,0.774,0.56,1.85,0.616,1
11.33,19.41,13.07,0.515,1.0,0.705,3.36,0.664,0
9.2,9.46,14.88,0.38,0.885,0.672,1.86,0.558,1
12.38,20.68,11.72,0.551,1.0,1.0,2.58,0.74,0
10.4,13.16,0.09,0.419,0.677,0.686,2.67,0.501,0
6.42,10.3,7.73,0.611,0.737,0.901,3.2,0.541,1
10.11,22.28,5.14,0.471,0.87,0.676,2.26,0.596,1
6.12,19.45,2.5,0.676,0.868,0.708,2.22,0.552,0
11.64,14.32,8.83,0.19,1.0,0.741,2.77,0.605,0
8.85,26.71,23.95,0.554,0.74,0.985,3.4,0.711,0
8.45,15.36,15.73,0.74,0.929,0.478,4.0,0.583,0
6.96,18.19,23.74,0.529,0.959,0.569,1.64,0.609,1
12.67,19.61,18.47,0.77,0.905,0.468,2.92,0.66,0
8.54,14.28,20.7,0.679,0.705,0.606,1.94,0.572,0
7.72,20.83,10.59,0.458,0.989,0.65,3.41,0.597,0
7.94,14.8,19.14,0.455,0.968,0.522,2.04,0.574,0
10.6,15.53,20.37,0.529,0.892,0.663,2.23,0.635,0
10.1,26.18,12.54,0.248,0.845,0.458,2.29,0.568,0
10.24,11.76,19.36,0.713,0.847,0.617,2.65,0.611,1
10.29,3.52,19.4,0.581,0.811,0.972,2.93,0.627,0
15.42,27.67,12.7,0.132,0.897,0.845,3.04,0.718,0
7.78,33.3,9.26,0.246,0.824,0.81,2.7,0.625,1
7.46,15.57,8.9,0.249,0.718,0.62,1.77,0.484,0
6.56,6.38,16.52,0.217,0.694,0.534,3.21,0.435,0
10.85,16.14,17.96,0.549,0.73,0.598,2.66,0.589,0
12.39,16.28,11.24,0.28,0.847,0.773,3.51,0.616,0
8.66,16.86,16.16,0.455,0.817,0.919,2.2,0.631,1
6.48,11.32,19.42,0.765,0.846,0.924,1.58,0.629,0
6.53,21.48,19.71,0.36,0.88,0.881,2.68,0.632,0
10.95,21.15,25.31,0.376,0.745,0.662,3.61,0.637,0
11.23,9.03,23.66,0.522,0.996,0.784,2.81,0.671,0
10.63,22.2,9.99,0.556,0.788,0.729,2.56,0.622,0
7.0,30.32,26.1,0.393,0.768,0.748,2.09,0.654,1
9.7,19.03,12.81,0.543,0.878,1.0,3.93,0.678,0
9.35,15.98,22.27,0.647,0.6,0.498,1.98,0.549,0
9.66,17.15,16.41,0.584,0.725,0.742,2.19,0.604,1
11.61,21.69,13.53,0.614,0.938,0.974,3.1,0.73,0
9.67,7.62,5.15,0.477,0.612,0.545,1.4,0.45,1
11.04,18.99,14.97,0.418,0.954,0.677,3.59,0.641,0
9.2,15.66,6.64,0.425,1.0,0.695,3.14,0.587,0
9.87,29.09,21.8,0.533,0.776,0.744,3.33,0.683,0
10.89,16.95,25.1,0.803,0.855,0.525,3.09,0.654,0
4.63,28.01,11.22,0.528,0.954,0.875,2.59,0.637,0
8.04,11.38,17.81,0.274,0.764,0.887,1.96,0.57,0
7.59,21.52,11.65,0.32,0.924,0.861,2.6,0.618,0
7.08,19.92,12.23,0.7,0.739,0.641,2.02,0.564,1
8.17,12.79,20.65,0.442,0.763,0.794,3.04,0.586,0
13.48,19.06,15.77,0.287,0.724,0.636,3.26,0.607,1
6.4,25.28,26.44,0.557,0.861,0.727,3.73,0.656,0
11.9,16.06,13.11,0.672,0.959,1.0,2.96,0.723,0
3.95,7.85,22.0,0.22,0.798,0.795,3.35,0.502,0
8.0,17.89,16.58,0.444,0.667,0.59,2.49,0.532,0
9.49,12.59,20.77,0.778,0.69,0.809,2.37,0.624,0
10.76,15.95,13.32,0.458,0.867,0.564,3.03,0.582,1
11.13,17.51,15.7,0.173,1.0,0.588,2.43,0.605,0
11.38,7.77,15.31,0.276,0.867,0.613,2.89,0.553,0
7.95,8.31,10.98,0.587,0.774,0.709,1.96,0.529,0
7.61,20.89,19.97,0.117,0.912,0.93,2.08,0.636,0
11.57,14.86,19.9,0.819,0.791,0.873,3.14,0.694,0
8.43,3.0,19.56,0.703,0.775,0.864,3.32,0.586,0
5.17,22.71,25.22,0.617,0.705,0.604,2.01,0.576,0
5.6,19.63,24.7,0.313,0.989,0.693,3.17,0.61,0
6.24,13.72,13.75,0.456,0.515,0.824,2.33,0.499,0
10.49,10.1,18.24,0.545,0.916,0.679,2.71,0.613,0
9.43,23.01,12.26,0.363,0.764,0.735,3.69,0.596,0
11.07,20.1,16.14,0.76,0.771,0.851,3.27,0.682,0
7.72,32.3,12.4,0.386,1.0,0.724,3.26,0.663,1
9.48,20.52,25.72,0.517,0.734,0.816,4.0,0.66,0
10.88,20.33,18.18,0.404,0.738,1.0,2.21,0.676,1
8.07,17.0,14.69,0.311,0.804,0.753,2.01,0.569,0
10.37,22.9,23.16,0.681,0.87,0.969,2.19,0.746,0
7.01,21.75,2.98,0.525,0.767,0.869,2.52,0.571,0
7.91,25.51,3.92,0.278,0.631,0.545,1.05,0.485,1
7.85,14.87,20.78,0.515,0.716,0.604,2.55,0.552,1
5.41,15.39,16.36,0.846,0.974,0.647,2.32,0.601,1
10.46,15.13,17.5,0.333,0.829,0.643,3.25,0.585,0
7.59,22.74,8.04,0.579,0.874,0.766,2.95,0.607,0
9.04,26.99,15.86,0.436,0.789,0.878,2.28,0.662,0
10.44,15.25,28.02,0.636,0.741,0.981,3.11,0.704,0
10.34,15.45,20.95,0.554,1.0,0.829,3.21,0.691,1
11.0,19.88,17.02,0.454,0.797,0.709,2.16,0.63,0
8.7,16.53,13.37,0.35,0.767,0.447,2.35,0.505,0
7.73,23.71,13.63,0.439,0.952,0.791,1.14,0.64,1
8.76,4.49,3.22,0.908,0.733,0.784,1.94,0.534,1
3.94,13.04,17.55,0.21,0.749,0.809,2.18,0.501,1
4.66,13.31,21.07,0.718,0.821,1.0,2.75,0.627,0
5.03,4.08,6.55,0.505,0.82,0.978,2.04,0.514,1
6.01,12.22,12.03,0.498,0.851,0.906,2.34,0.572,0
10.2,12.51,9.06,0.322,1.0,0.626,1.84,0.57,0
6.28,16.79,10.21,0.292,0.86,0.698,2.82,0.528,0
7.87,24.68,16.32,0.398,0.535,0.765,3.0,0.562,1
12.9,16.53,3.49,0.295,0.859,0.656,2.98,0.576,1
7.93,11.82,19.69,0.323,0.825,0.86,2.71,0.589,1
11.21,17.66,20.52,0.649,0.825,0.837,1.62,0.686,0
6.2,24.3,14.49,0.229,0.85,0.606,2.27,0.548,0
8.38,12.14,1.12,0.735,0.817,0.971,2.41,0.591,0
6.15,12.54,10.02,0.292,0.814,0.796,2.42,0.517,1
7.98,21.35,23.4,0.173,0.894,0.503,2.75,0.572,0
11.52,16.67,0.0,0.163,0.755,0.772,3.7,0.537,0
3.82,21.88,13.91,0.182,0.706,0.825,3.27,0.516,1
10.3,17.92,8.92,0.198,1.0,0.936,2.01,0.644,0
9.71,22.21,20.83,0.556,0.734,0.726,3.17,0.639,1
7.22,11.79,11.95,0.92,0.832,0.912,3.15,0.624,0
4.66,17.93,18.42,0.403,0.641,0.81,2.14,0.532,1
9.22,16.74,19.39,0.832,0.834,0.57,3.29,0.62,0
7.41,10.7,27.02,0.425,0.708,0.554,2.59,0.53,0
9.7,8.62,14.78,0.687,0.767,0.96,1.71,0.624,0
9.07,22.11,18.26,0.218,0.945,0.971,3.02,0.678,0
13.81,15.89,7.09,0.548,0.877,0.832,2.85,0.662,0
8.28,11.87,23.14,0.423,0.888,1.0,2.54,0.657,0
5.93,17.42,11.44,0.36,0.607,0.949,2.67,0.537,0
9.54,24.77,12.64,0.316,1.0,0.889,2.2,0.68,1
9.66,4.32,15.87,0.436,0.677,0.634,3.13,0.501,0
13.08,9.02,6.62,0.033,1.0,1.0,2.67,0.628,0
11.51,12.46,17.37,0.545,0.943,0.866,2.82,0.675,1
10.07,26.77,21.8,0.394,0.889,0.718,2.95,0.679,0
13.39,19.7,17.76,0.573,0.717,0.673,1.89,0.65,1
5.43,22.6,6.47,0.684,0.838,0.821,2.07,0.588,0
7.08,11.16,15.26,0.923,0.763,0.513,1.15,0.538,0
6.22,11.28,20.45,0.083,0.823,0.892,3.1,0.55,0
7.83,20.69,4.73,0.259,0.79,0.627,1.85,0.513,1
4.87,18.35,9.55,0.13,0.575,0.839,2.79,0.47,1
10.91,21.29,21.26,0.411,0.955,0.697,2.96,0.675,0
8.33,16.87,17.62,0.073,0.81,0.738,3.12,0.556,1
4.59,19.67,18.47,0.244,0.762,0.659,1.86,0.516,0
5.95,18.95,27.16,0.557,0.753,0.754,2.65,0.61,1
9.94,22.67,18.81,0.225,0.863,1.0,3.87,0.684,0
11.51,22.84,19.95,0.422,0.713,1.0,3.9,0.698,1
14.99,8.28,32.26,0.154,0.549,0.837,3.39,0.63,1
17.74,4.52,14.72,0.744,0.869,0.776,2.94,0.696,1
10.24,24.01,11.21,0.27,0.882,0.915,2.0,0.657,0
6.03,25.13,18.57,0.32,0.796,0.961,3.2,0.633,1
2.6,11.88,18.63,0.498,0.682,0.647,2.59,0.466,1
9.8,6.84,12.84,0.133,0.831,0.768,3.09,0.53,1
6.56,18.59,9.81,0.101,0.644,0.488,2.26,0.433,1
7.75,23.59,29.86,0.326,0.697,0.96,2.58,0.669,1
7.16,28.79,17.96,0.355,0.73,1.0,2.81,0.659,0
8.58,21.1,11.61,0.403,0.921,0.793,2.87,0.622,0
12.2,15.77,21.5,0.637,0.776,0.44,3.05,0.603,0
9.47,12.64,15.35,0.878,0.766,0.877,2.29,0.643,0
8.52,18.07,14.48,0.596,1.0,0.635,1.76,0.622,1
5.89,16.2,19.37,0.723,0.862,0.674,3.84,0.592,0
3.98,11.91,8.25,0.835,0.861,0.88,4.0,0.562,0
7.54,30.29,18.12,0.653,0.776,0.821,3.01,0.674,1
8.84,28.71,27.48,0.71,0.748,0.702,1.77,0.693,0
14.3,24.82,18.8,0.301,0.558,0.676,2.16,0.629,1
9.39,12.47,13.74,0.18,0.936,0.8,3.06,0.585,0
11.95,23.13,12.96,0.623,0.874,0.714,3.64,0.674,1
7.5,21.84,13.54,0.632,0.799,0.603,1.85,0.579,1
5.45,20.66,14.48,0.65,0.804,0.727,2.61,0.58,0
6.1,25.5,13.73,0.599,0.908,0.834,2.84,0.643,0
6.82,21.81,21.5,0.86,0.633,0.752,3.31,0.619,0
15.39,22.44,5.6,0.246,0.749,0.554,2.46,0.593,0
6.54,21.82,21.17,0.391,0.684,0.938,1.61,0.615,1
11.52,20.04,13.72,0.624,1.0,0.342,3.13,0.609,0
6.29,7.3,18.26,0.651,0.925,0.709,3.49,0.567,0
11.79,18.5,9.24,0.077,0.556,0.681,2.64,0.514,0
10.15,14.66,23.97,0.667,0.638,0.804,2.98,0.63,0
8.53,10.32,23.47,0.415,0.804,0.87,2.37,0.611,1
8.88,28.09,21.76,0.615,0.763,0.96,2.11,0.716,0
7.04,28.37,6.91,0.466,0.661,0.666,3.42,0.547,0
10.34,26.16,20.97,0.63,1.0,0.874,2.97,0.754,0
7.64,19.53,18.43,0.284,0.858,0.811,3.04,0.607,1
5.32,26.1,6.37,0.436,0.877,0.506,3.75,0.522,0
5.17,18.07,15.85,0.543,0.737,1.0,1.96,0.601,0
9.52,19.22,18.19,0.315,0.907,0.55,2.31,0.589,0
13.74,11.44,19.34,0.467,0.774,0.847,2.81,0.66,0
9.48,20.38,17.06,0.57,0.786,0.842,2.3,0.649,1
8.64,18.36,17.75,0.208,0.893,0.824,3.25,0.614,0
9.86,10.18,24.84,0.299,0.625,0.701,2.57,0.55,0
12.92,17.69,23.36,0.584,1.0,0.912,2.01,0.761,0
9.66,17.52,0.0,0.564,0.842,0.53,2.75,0.526,0
7.77,28.79,14.1,0.125,0.974,0.769,2.82,0.632,0
12.32,23.37,15.01,0.404,0.691,0.69,3.35,0.624,0
10.29,18.07,5.49,0.169,0.709,0.672,2.98,0.518,0
13.61,19.49,16.57,0.545,0.681,0.849,3.02,0.673,0
9.55,18.27,23.49,0.132,0.85,0.952,2.92,0.655,1
5.33,16.78,9.48,0.382,0.828,0.725,2.57,0.521,1
4.9,11.51,18.02,0.257,0.764,0.905,2.2,0.534,1
13.95,17.09,10.51,0.234,0.698,0.788,2.9,0.605,0
14.17,13.52,11.97,0.432,0.668,0.637,2.47,0.581,0
8.46,10.5,24.86,0.423,0.814,0.739,3.88,0.592,0
7.85,21.07,12.74,0.156,0.764,0.732,3.64,0.549,1
13.38,20.35,18.77,0.546,0.738,0.669,3.14,0.657,0
5.68,7.28,4.77,0.412,1.0,0.849,2.96,0.53,0
6.32,17.26,27.17,0.288,0.81,0.818,2.64,0.605,1
10.93,23.97,19.62,0.688,0.972,0.525,1.82,0.678,1
7.82,24.36,14.91,0.355,0.756,0.516,2.55,0.545,1
8.98,24.16,19.45,0.623,0.849,0.848,2.77,0.687,1
8.51,18.23,7.54,0.317,0.813,0.65,2.86,0.536,0
10.01,12.93,23.1,0.148,0.616,0.828,3.03,0.566,0
13.22,11.5,14.06,0.49,0.991,0.905,3.34,0.692,0
9.27,20.07,14.78,0.376,0.804,0.577,2.22,0.568,0
10.93,20.28,13.05,0.302,0.91,0.554,2.22,0.593,1
2.85,25.72,12.52,0.25,0.73,1.0,3.72,0.562,0
8.85,24.6,20.17,0.608,0.8,0.836,3.24,0.676,0
6.47,17.21,17.54,0.296,0.716,0.713,2.43,0.533,0
5.34,10.53,19.91,0.506,0.968,0.631,2.62,0.553,1
6.37,16.09,15.95,0.595,0.857,0.698,2.63,0.576,0
8.0,19.3,19.08,0.504,0.864,0.59,2.72,0.592,0
11.75,16.79,13.49,0.928,0.983,0.921,3.03,0.74,1
5.02,14.53,29.38,0.39,0.959,0.656,4.0,0.592,0
9.09,19.52,6.59,0.232,0.912,0.955,2.83,0.617,0
7.55,14.98,23.57,0.577,0.649,0.716,3.16,0.573,0
8.02,14.23,24.21,0.511,0.737,0.613,1.52,0.569,0
12.01,19.87,10.89,0.188,0.7,0.712,2.36,0.575,1
10.61,15.59,29.38,0.472,0.907,0.36,3.56,0.605,1
13.01,19.46,21.97,0.463,0.84,0.761,2.98,0.691,0
8.54,19.64,21.83,0.523,0.653,0.753,0.8,0.602,1
6.91,11.16,16.17,0.509,0.797,0.912,3.17,0.585,1
8.33,15.11,14.7,0.232,0.641,0.478,4.0,0.468,0
9.73,26.63,14.74,0.269,0.814,0.966,1.3,0.671,0
9.53,11.03,18.34,0.615,0.621,0.911,3.76,0.6,0
5.75,5.3,24.41,0.151,0.883,0.98,0.8,0.569,1
9.27,6.83,17.09,0.909,0.865,0.772,3.36,0.624,0
9.68,18.17,10.53,0.334,1.0,0.942,2.69,0.658,0
16.55,18.19,20.95,0.241,0.922,0.545,1.06,0.676,1
14.63,17.29,21.53,0.658,0.769,0.894,3.01,0.732,1
6.44,25.29,19.93,0.611,0.918,0.657,3.51,0.636,0
8.14,3.0,20.47,0.41,0.652,0.516,2.95,0.462,1
4.61,20.38,14.37,0.427,0.705,0.6,3.11,0.5,0
7.23,27.37,10.43,0.43,0.86,0.781,2.41,0.616,1
9.95,11.23,10.79,0.246,0.561,0.648,1.4,0.477,1
12.62,15.72,6.19,0.825,0.816,0.84,3.18,0.66,0
6.81,13.48,17.42,0.689,0.698,0.491,3.92,0.512,1
7.04,12.63,15.5,0.626,0.832,0.44,3.49,0.514,0
2.56,16.04,13.36,0.67,0.691,1.0,1.31,0.554,0
8.51,26.56,0.0,0.382,0.871,0.925,1.64,0.617,1
5.81,29.02,8.52,0.111,0.822,0.612,2.11,0.526,0
7.41,15.98,22.73,0.163,0.988,0.78,1.58,0.612,0
6.37,29.43,12.01,0.485,0.821,0.943,2.73,0.65,0
8.72,18.21,18.16,0.166,0.728,0.847,2.98,0.583,1
3.73,28.52,7.66,0.538,0.79,0.804,1.7,0.569,1
4.6,17.44,24.63,0.217,0.659,0.955,3.24,0.565,0
15.39,18.79,15.14,0.473,0.869,0.663,3.12,0.68,0
5.14,20.19,17.74,0.386,0.891,0.785,2.32,0.588,1
5.71,37.07,29.95,0.275,1.0,0.777,2.58,0.721,0
14.51,23.11,25.1,0.509,0.745,0.736,1.34,0.717,0
17.72,13.76,14.16,0.743,0.788,0.718,2.47,0.705,0
5.49,23.81,12.44,0.795,0.751,0.792,2.71,0.603,0
7.9,15.83,14.05,0.251,0.845,0.786,2.82,0.568,0
10.02,15.06,19.06,0.439,0.866,0.612,2.97,0.597,1
14.19,23.45,15.37,0.451,0.814,0.908,2.87,0.722,1
6.04,18.19,13.63,0.668,0.95,0.624,2.51,0.584,0
8.26,19.67,24.8,0.217,0.746,0.745,2.9,0.596,0
11.33,18.08,15.31,0.643,0.938,0.733,3.4,0.672,0
10.3,20.02,29.8,0.287,0.885,0.837,2.63,0.694,0
7.87,20.55,16.54,0.475,0.819,0.441,2.92,0.545,1
8.6,6.38,26.71,0.51,0.782,0.923,2.57,0.622,0
4.88,22.0,18.14,0.352,1.0,0.672,2.25,0.59,1
8.29,12.11,21.78,0.407,0.722,0.975,3.07,0.613,0
8.2,9.35,11.65,0.293,0.856,0.703,2.31,0.525,0
9.7,17.65,10.88,0.617,0.73,0.772,2.97,0.598,0
7.33,18.5,18.76,0.221,1.0,1.0,2.72,0.66,0
10.41,13.84,21.93,0.116,0.926,0.736,2.49,0.612,1
12.04,22.99,16.24,0.647,0.739,0.978,2.47,0.715,0
9.47,9.95,8.28,0.487,0.882,0.786,2.34,0.572,0
10.06,15.56,7.84,0.304,0.851,0.846,1.55,0.59,0
9.16,14.49,7.44,0.43,0.758,0.791,2.97,0.556,1
9.0,17.72,5.39,0.477,0.911,0.916,2.86,0.62,1
6.84,19.67,16.66,0.334,0.867,0.67,3.29,0.57,0
9.95,11.95,22.75,0.539,0.846,0.623,2.33,0.604,0
8.71,22.35,15.92,0.351,0.815,0.678,4.0,0.595,0
15.28,18.38,2.44,0.267,0.872,0.796,2.43,0.638,0
13.72,6.65,14.86,0.452,0.848,0.745,2.09,0.616,0
10.16,6.25,15.02,0.302,0.827,0.894,2.0,0.581,0
6.71,17.93,28.58,0.035,0.743,0.989,1.49,0.613,0
5.66,16.67,7.26,0.579,1.0,0.624,3.77,0.551,0
12.57,17.38,13.66,0.59,0.694,0.663,3.66,0.61,0
9.79,17.83,26.24,0.546,0.871,0.55,3.12,0.631,1
10.44,19.35,18.7,0.285,0.782,1.0,2.07,0.665,0
3.77,23.69,19.38,0.419,1.0,0.829,3.97,0.626,0
11.78,11.33,16.69,0.189,0.712,0.857,2.45,0.587,0
10.36,10.97,17.98,0.366,0.732,0.566,2.51,0.536,0
5.67,11.44,20.67,0.36,0.704,0.78,3.71,0.526,1
7.59,19.73,11.14,0.616,0.859,0.861,3.16,0.625,0
9.79,25.47,21.27,0.077,0.655,0.74,4.0,0.594,0
9.16,15.41,7.76,0.693,0.763,0.952,2.87,0.62,1
8.12,3.0,17.97,0.494,0.562,1.0,2.42,0.54,1
8.69,7.78,17.07,0.397,0.849,0.628,2.27,0.538,1
8.24,13.0,12.3,0.608,0.76,0.616,1.41,0.539,0
9.46,14.65,15.86,0.598,0.641,0.64,2.5,0.553,0
13.41,15.55,12.26,0.355,0.95,1.0,3.5,0.703,0
1.3,18.23,9.57,0.646,0.663,0.947,3.12,0.516,0
8.29,16.13,13.88,0.447,0.916,0.758,2.71,0.602,1
9.53,24.3,9.38,0.438,0.736,0.786,2.0,0.605,1
9.89,13.94,17.94,0.832,1.0,0.649,2.86,0.66,0
7.88,12.83,9.1,0.782,0.91,0.922,3.41,0.63,0
3.73,20.87,20.27,0.797,0.699,0.719,3.0,0.572,0
9.98,8.79,8.91,0.245,0.71,0.738,2.82,0.508,0
14.18,20.34,12.6,0.618,0.893,0.877,2.14,0.725,0
4.4,18.62,12.25,0.56,0.789,0.75,3.31,0.542,1
11.59,17.12,23.95,0.41,0.8,0.742,0.8,0.653,0
8.01,27.53,17.98,0.313,0.973,0.782,2.97,0.665,0
8.82,14.27,14.73,0.186,0.73,0.907,4.0,0.57,0
5.84,30.36,18.99,0.487,0.831,1.0,1.64,0.686,1
8.0,16.65,3.36,0.541,0.935,0.874,2.53,0.599,0
12.9,10.34,15.74,0.454,0.917,0.909,2.69,0.672,1
10.75,18.42,27.99,0.42,0.801,0.748,2.38,0.665,1
14.2,11.54,16.79,0.346,0.785,0.667,3.43,0.611,0
12.53,13.49,16.41,0.294,0.611,0.885,3.03,0.601,0
10.32,20.38,19.29,0.311,0.693,0.807,2.81,0.616,1
14.23,21.33,21.37,0.366,0.858,0.552,3.26,0.664,0
10.32,14.27,4.02,0.476,0.803,0.728,2.71,0.558,1
11.48,23.92,5.91,0.655,0.829,0.767,4.0,0.652,1
8.11,24.95,17.26,0.376,0.945,0.698,2.81,0.636,1
9.2,26.62,11.71,0.61,0.678,1.0,2.84,0.667,0
6.91,21.18,23.87,0.769,0.792,0.857,1.5,0.669,0
11.97,26.18,14.11,0.268,0.843,1.0,2.32,0.707,1
5.47,6.72,4.39,0.192,0.736,0.822,3.5,0.443,1
11.35,16.09,8.39,0.457,0.992,0.793,1.77,0.643,0
8.43,12.8,0.0,0.339,0.929,0.63,1.19,0.506,1
12.51,18.72,14.6,0.624,0.855,0.782,2.72,0.678,1
11.25,14.57,14.87,0.6,1.0,0.782,3.66,0.672,0
14.46,17.0,13.45,0.605,0.64,0.561,2.73,0.602,0
11.19,29.29,22.47,0.52,0.819,0.694,2.46,0.7,0
4.28,16.98,23.19,0.588,0.864,0.728,1.4,0.587,1
8.8,20.48,14.98,0.211,0.71,0.846,3.02,0.584,0
5.48,16.61,3.19,0.455,0.856,0.854,3.16,0.539,1
7.45,18.45,19.7,0.461,0.687,0.687,1.45,0.563,1
13.53,18.04,19.33,0.427,0.903,0.855,3.49,0.709,1
10.91,20.69,17.86,0.157,0.947,0.751,3.24,0.644,1
6.9,24.99,21.89,0.367,0.853,0.321,3.49,0.543,0
5.96,27.88,9.01,0.436,0.598,0.702,3.11,0.53,1
9.1,19.86,28.05,0.394,0.704,0.953,3.16,0.67,0
5.35,21.54,10.24,0.307,0.888,0.511,3.06,0.506,1
6.99,11.09,20.5,0.349,0.823,0.798,3.31,0.567,0
9.94,17.47,5.88,0.261,0.497,1.0,1.43,0.545,1
12.47,23.64,10.42,0.505,0.969,0.658,1.65,0.67,1
10.83,23.2,25.1,0.543,0.836,0.78,2.18,0.702,0
2.13,19.27,14.43,0.551,0.722,0.571,2.61,0.475,1
9.91,23.32,21.04,0.137,0.939,1.0,2.97,0.701,0
9.22,20.94,17.42,0.757,0.739,0.767,2.93,0.644,0
10.24,25.2,15.37,0.757,0.737,0.787,3.48,0.672,0
13.85,19.74,24.18,0.558,0.863,0.997,3.5,0.771,0
2.81,15.87,14.58,0.5,1.0,0.886,2.09,0.583,0
7.23,20.02,5.32,0.638,1.0,0.64,2.87,0.587,1
10.77,3.0,11.18,0.241,0.863,0.676,2.11,0.519,0
4.26,20.3,19.31,0.664,0.875,0.859,2.57,0.623,0
13.43,3.0,18.37,0.589,0.915,0.68,2.93,0.623,1
10.11,7.66,6.6,0.612,0.669,0.441,0.8,0.465,0
11.54,20.71,11.65,0.362,0.897,0.771,4.0,0.644,0
7.29,20.87,12.51,0.588,0.732,0.543,3.1,0.539,1
11.44,11.03,13.81,0.191,0.858,1.0,2.28,0.63,0
12.21,13.73,7.74,0.662,0.793,0.808,4.0,0.625,0
9.7,26.22,12.23,0.099,0.88,0.635,2.46,0.59,0
9.7,15.1,11.63,0.504,0.834,0.668,2.79,0.578,1
9.81,31.46,20.63,0.743,0.451,0.478,2.36,0.591,0
6.41,17.99,20.85,0.268,0.841,0.604,3.86,0.548,0
8.56,20.45,15.13,0.727,0.897,0.943,2.63,0.689,1
8.54,27.7,13.65,0.486,0.874,1.0,2.8,0.698,0
10.15,18.79,16.84,0.546,0.808,0.896,3.54,0.663,0
12.0,11.99,11.1,0.722,1.0,0.765,3.11,0.666,0
5.82,17.34,9.12,0.129,0.857,0.711,2.66,0.506,1
8.62,17.79,10.36,0.518,0.873,0.627,3.48,0.573,0
13.44,9.81,12.19,0.351,0.945,1.0,4.0,0.677,0
6.77,16.47,9.02,0.578,0.864,0.75,2.92,0.568,1
6.53,13.55,16.97,0.13,0.712,1.0,2.78,0.556,0
9.61,23.55,20.38,0.393,0.527,1.0,2.82,0.639,0
11.53,18.21,6.48,0.454,0.763,0.501,3.62,0.543,0
9.03,16.3,16.15,0.237,0.911,0.673,2.28,0.581,0
12.99,17.36,14.68,0.447,0.778,0.673,2.51,0.623,1
11.57,19.34,18.05,0.416,0.916,0.767,1.62,0.67,0
11.53,21.7,15.92,0.523,0.838,0.77,1.87,0.668,0
10.66,12.0,7.28,0.627,0.975,1.0,2.34,0.668,0
15.98,11.75,8.43,0.53,0.785,0.608,2.66,0.611,0
8.38,24.63,16.18,0.683,0.876,0.817,3.94,0.675,0
2.99,15.53,22.17,0.617,0.881,0.879,3.08,0.597,1
13.81,9.5,2.71,0.528,1.0,0.78,2.06,0.631,1
7.63,20.66,18.07,0.5,0.615,0.798,2.19,0.581,0
9.32,20.78,23.14,0.506,0.765,0.613,3.66,0.614,0
12.93,8.82,15.08,0.334,0.922,0.797,3.49,0.63,0
4.19,19.38,19.3,0.117,1.0,0.862,2.72,0.589,0
5.25,22.41,11.78,0.605,0.849,0.832,2.39,0.601,0
4.2,20.25,15.28,0.63,0.785,0.871,3.49,0.588,0
6.62,21.79,6.27,0.647,0.911,1.0,2.0,0.645,1
10.32,9.57,1.93,0.023,0.924,0.93,2.97,0.549,1
10.57,19.99,21.66,0.277,0.777,0.791,4.0,0.636,0
9.83,16.18,10.09,0.414,0.86,0.593,2.84,0.56,1
4.76,15.1,13.27,0.409,0.962,0.684,2.16,0.542,0
2.07,23.22,7.68,0.666,1.0,0.745,2.99,0.569,0
9.16,26.88,7.54,0.36,0.909,0.82,2.37,0.639,1
7.58,28.77,14.96,0.253,0.825,0.703,1.72,0.603,0
10.38,25.89,11.62,0.711,0.814,0.63,3.19,0.642,0
11.11,17.34,18.27,0.714,0.887,0.59,3.48,0.645,0
9.41,20.12,18.72,0.375,0.806,0.516,2.48,0.572,0
11.28,22.6,17.93,0.685,0.843,0.742,2.44,0.687,1
9.69,18.73,17.43,0.111,0.693,0.545,2.03,0.522,0
10.59,18.78,25.47,0.593,0.976,0.62,2.6,0.682,1
6.89,22.94,9.59,0.616,0.683,0.717,2.31,0.56,0
8.46,17.64,15.67,0.777,0.768,0.566,1.99,0.582,0
9.59,13.62,22.8,0.087,0.832,0.841,4.0,0.603,0
11.46,15.51,23.59,0.242,1.0,0.898,3.03,0.697,1
7.82,21.8,7.47,0.47,0.769,0.692,3.1,0.557,0
10.56,18.02,14.13,0.285,0.74,0.71,3.32,0.578,1
8.2,20.04,24.15,0.282,0.754,0.866,3.24,0.627,0
8.65,22.02,19.05,0.613,1.0,0.666,2.41,0.665,0
11.49,15.75,17.17,0.376,0.483,0.655,2.89,0.537,0
3.02,22.54,14.69,0.704,0.7,0.971,2.51,0.592,0
5.11,20.27,13.7,0.675,1.0,0.921,3.01,0.652,1
4.55,10.59,17.73,0.639,0.891,0.876,2.94,0.583,0
2.0,26.65,14.49,0.525,0.687,0.928,2.43,0.567,1
6.97,15.0,15.74,0.523,0.815,0.464,1.77,0.516,1
11.25,8.07,16.47,0.69,0.828,0.997,2.8,0.667,0
8.15,11.73,11.93,0.348,0.922,0.843,2.56,0.582,0
9.59,11.87,19.19,0.854,1.0,0.942,1.38,0.713,1
12.27,18.31,33.49,0.801,0.867,0.842,3.06,0.773,0
12.98,16.36,5.34,0.056,0.755,0.788,3.38,0.565,0
8.79,15.98,17.94,0.248,0.914,0.736,4.0,0.597,0
13.06,21.72,11.44,0.479,0.736,0.839,2.43,0.66,0
9.28,20.04,19.46,0.669,0.696,0.73,2.32,0.623,0
6.49,19.9,16.28,0.235,0.609,0.919,1.92,0.554,1
7.22,20.46,20.57,0.635,0.632,0.526,2.85,0.547,0
4.56,21.7,23.05,0.322,0.712,0.693,2.84,0.546,1
6.34,5.35,17.15,0.503,0.679,1.0,2.13,0.549,1
7.93,15.81,22.79,0.461,0.858,0.68,2.58,0.602,1
11.41,4.92,1.93,0.294,0.676,0.742,1.31,0.483,0
14.16,18.22,25.54,0.518,0.443,0.639,3.35,0.614,0
4.85,17.97,18.25,0.366,0.695,0.834,2.16,0.545,1
10.18,24.27,22.47,0.243,0.763,0.662,2.68,0.621,0
5.88,25.13,8.68,0.089,0.747,0.75,1.7,0.521,0
10.42,19.22,11.02,0.573,1.0,0.916,2.29,0.692,0
8.61,15.0,16.88,0.471,0.746,0.668,2.5,0.562,0
3.51,20.91,15.9,0.502,0.926,0.906,2.69,0.607,1
11.78,14.83,17.7,0.224,0.818,0.912,3.04,0.642,1
7.18,17.99,22.51,0.43,0.815,0.949,3.71,0.643,0
7.4,23.92,5.41,0.476,0.72,0.802,3.21,0.566,0
5.79,14.65,21.84,0.334,0.813,1.0,3.37,0.609,0
7.04,22.83,16.05,0.756,0.728,0.949,3.71,0.654,0
10.28,22.06,14.78,0.55,0.84,0.832,3.1,0.665,1
8.43,12.27,7.17,0.424,0.792,0.64,2.67,0.512,1
9.99,23.84,19.02,0.514,0.707,0.764,3.41,0.641,0
10.09,22.19,1.52,0.119,0.939,1.0,3.45,0.626,0
12.96,18.61,19.89,0.088,0.871,1.0,3.15,0.695,0
7.97,13.43,7.05,0.216,0.766,1.0,1.68,0.557,0
4.57,12.84,16.32,0.57,0.837,0.906,2.11,0.576,0
12.2,14.77,15.28,0.581,0.81,0.579,2.51,0.606,0
8.01,21.26,23.02,0.819,0.716,0.858,3.25,0.67,0
12.34,12.27,14.93,0.459,0.828,0.581,2.69,0.587,0
10.15,20.63,11.84,0.38,0.745,0.542,3.5,0.553,0
8.61,10.55,12.96,0.568,0.707,0.818,3.62,0.561,1
10.05,16.78,23.64,0.35,0.625,0.864,3.54,0.614,0
14.85,18.66,19.22,0.688,0.777,0.925,3.54,0.743,1
15.23,32.67,13.69,0.504,0.888,0.86,1.97,0.779,0
9.21,9.74,14.58,0.354,0.737,0.865,3.04,0.564,0
9.48,26.83,6.6,0.218,1.0,0.622,2.27,0.603,0
12.23,18.9,18.33,0.643,0.926,0.763,1.55,0.701,1
6.46,20.47,5.44,0.123,0.977,0.539,2.5,0.503,0
10.0,18.71,20.51,0.102,0.915,0.459,3.63,0.563,0
8.92,20.67,16.77,0.597,1.0,0.899,3.02,0.699,0
9.94,17.08,30.32,0.373,0.726,0.66,4.0,0.62,1
6.5,26.72,9.4,0.39,0.513,0.92,2.82,0.555,0
4.23,15.26,15.38,0.275,0.766,0.957,4.0,0.546,0
2.78,24.79,26.79,0.391,0.887,0.681,2.82,0.59,1
5.65,14.13,23.15,0.763,0.838,0.874,2.72,0.633,0
7.62,17.64,11.82,0.24,0.853,0.674,1.8,0.543,0
8.12,11.57,17.34,0.837,0.979,0.485,3.48,0.589,1
14.81,20.73,16.01,0.634,0.866,0.8,2.35,0.727,0
12.32,26.67,17.69,0.382,0.916,0.705,2.25,0.694,0
6.11,17.54,11.81,0.334,0.707,0.71,3.6,0.511,0
10.04,16.82,15.46,0.341,0.689,1.0,3.51,0.624,0
7.78,11.31,6.41,0.663,1.0,0.536,3.49,0.542,1
8.15,16.62,16.81,0.333,0.832,0.841,2.45,0.601,0
9.56,8.44,18.7,0.359,0.745,0.621,2.66,0.531,0
10.86,12.52,14.64,0.344,0.745,0.925,2.66,0.61,0
7.98,19.36,6.31,0.586,0.742,0.828,3.25,0.578,1
12.19,25.91,21.93,0.541,0.735,0.841,3.79,0.711,0
5.57,34.86,18.19,0.246,0.666,0.629,2.96,0.568,0
9.02,14.48,11.64,0.396,0.64,0.658,4.0,0.515,1
16.79,26.61,14.32,0.403,0.797,0.928,3.33,0.76,0
9.67,19.46,7.0,0.512,0.749,1.0,2.54,0.63,1
13.3,17.09,9.85,0.616,0.953,0.857,3.28,0.698,0
9.27,20.6,12.77,0.206,0.855,0.636,3.89,0.569,0
10.74,18.37,23.37,0.489,0.852,0.834,4.0,0.682,0
8.83,18.66,12.16,0.605,0.731,1.0,3.53,0.64,1
8.49,15.55,19.84,0.412,0.805,0.796,2.72,0.605,0
6.66,9.61,12.77,0.249,0.863,1.0,2.55,0.567,0
10.29,8.74,17.49,0.383,0.906,0.662,3.1,0.58,1
6.45,21.92,15.15,0.583,0.809,0.773,3.87,0.604,0
11.0,16.34,21.24,0.508,0.949,0.879,3.0,0.7,0
12.26,14.42,12.79,0.461,0.821,0.844,3.02,0.639,0
10.1,18.05,6.56,0.317,0.915,0.657,2.74,0.573,0
8.14,22.77,7.71,0.744,0.761,0.65,2.47,0.584,0
10.36,19.08,12.81,0.383,0.602,0.938,2.59,0.603,0
8.07,14.06,8.51,0.327,0.852,0.971,2.79,0.589,1
11.81,25.36,18.46,0.753,0.907,1.0,3.9,0.779,0
3.51,27.48,13.21,0.646,0.889,1.0,2.53,0.652,0
7.99,20.97,30.25,0.714,0.871,0.802,2.74,0.704,1
3.03,23.84,5.57,0.564,0.778,0.73,2.09,0.518,1
4.51,25.45,17.22,0.908,0.723,0.996,3.2,0.662,0
13.09,24.78,9.23,0.416,0.886,0.894,3.66,0.7,0
11.69,21.68,13.04,0.433,0.871,0.623,3.84,0.627,0
6.84,21.59,16.85,0.384,0.753,0.615,2.84,0.55,0
4.49,21.12,2.05,0.541,0.953,0.859,3.1,0.571,1
1.0,11.42,17.42,0.489,0.714,0.752,2.59,0.466,1
7.37,22.2,27.42,0.545,0.75,0.776,3.07,0.645,0
16.26,9.87,13.28,0.302,1.0,0.952,2.92,0.712,0
10.3,13.23,17.56,0.574,0.924,0.901,2.74,0.67,1
7.32,25.82,22.15,0.637,0.777,0.993,2.8,0.699,0
10.4,23.04,15.02,0.484,0.854,0.471,3.02,0.596,1
4.32,26.92,12.51,0.318,0.839,0.821,2.49,0.578,0
8.11,16.37,2.35,0.758,0.491,0.891,2.53,0.532,1
9.3,11.09,19.85,0.658,0.711,0.536,3.9,0.549,1
8.74,16.56,15.32,0.588,0.814,0.675,4.0,0.591,0
11.37,18.61,9.92,0.2,0.777,0.646,1.86,0.561,0
10.03,18.47,16.76,0.497,0.85,0.783,1.82,0.641,1
11.0,24.8,12.5,0.586,0.956,1.0,2.03,0.738,0
6.93,15.83,12.83,0.335,0.781,1.0,2.63,0.59,0
11.69,20.11,19.64,0.316,0.693,0.65,3.33,0.602,0
13.89,12.07,7.97,0.622,0.859,0.864,3.11,0.66,0
6.09,20.7,22.28,0.495,0.781,0.869,2.82,0.624,0
6.34,18.02,7.61,0.346,0.801,0.842,3.07,0.547,0
13.01,13.5,12.02,0.407,0.785,0.844,2.22,0.629,0
8.43,16.59,27.54,0.17,1.0,0.829,2.53,0.657,1
13.21,16.89,22.76,0.518,0.551,1.0,2.69,0.68,0
7.67,16.38,16.59,0.886,0.773,0.956,1.59,0.66,0
13.37,28.63,10.36,0.512,0.82,0.61,1.89,0.664,0
9.39,17.41,12.82,0.562,0.726,0.907,1.91,0.621,1
9.77,16.54,16.44,0.429,0.928,0.923,3.23,0.665,0
13.69,5.42,16.23,0.295,0.918,0.83,2.87,0.63,1
7.91,12.63,15.45,0.416,0.814,0.961,3.13,0.605,0
6.18,16.42,15.82,0.415,0.788,0.81,1.41,0.565,0
7.65,13.88,14.71,0.701,0.807,0.812,1.66,0.601,1
10.36,26.29,7.35,0.32,0.807,0.799,3.16,0.622,1
4.3,17.01,12.9,0.647,0.811,0.457,0.8,0.491,0
10.91,25.73,21.49,0.33,0.797,0.767,3.56,0.669,0
7.38,18.37,7.79,0.578,0.85,0.673,1.42,0.561,0
12.44,18.22,14.86,0.201,0.91,0.59,3.29,0.606,0
1.82,17.47,11.08,0.568,0.672,1.0,2.08,0.529,1
6.64,18.02,16.67,0.362,0.694,0.861,3.43,0.567,1
3.94,28.31,13.67,0.16,0.61,0.775,4.0,0.513,0
6.52,4.08,24.86,0.292,0.924,0.69,1.11,0.54,0
9.74,5.99,19.04,0.516,0.85,0.827,3.19,0.602,0
8.46,14.74,8.13,0.52,0.881,0.939,1.43,0.613,0
8.24,18.09,20.03,0.149,0.648,0.648,3.0,0.526,1
8.52,22.14,11.35,0.543,1.0,0.779,2.56,0.652,0
9.61,20.84,12.54,0.404,0.747,0.919,2.79,0.628,0
5.97,15.69,17.88,0.302,0.84,0.47,2.06,0.498,1
11.12,24.11,13.05,0.311,0.923,0.771,3.25,0.658,1
10.99,24.18,21.36,0.533,0.702,0.711,1.69,0.653,0
10.16,19.1,11.35,0.41,0.754,0.759,3.57,0.593,0
10.67,23.78,12.29,0.289,0.842,0.7,2.41,0.616,0
9.89,19.64,12.06,0.366,1.0,0.802,1.72,0.648,0
15.11,14.63,12.61,0.33,0.856,1.0,3.82,0.7,0
8.74,22.19,22.6,0.36,1.0,0.728,2.65,0.667,0
8.08,18.66,19.77,0.179,0.965,0.827,4.0,0.628,0
6.74,18.01,26.26,0.135,0.864,1.0,3.55,0.642,0
5.9,26.84,29.61,0.315,0.701,0.692,2.14,0.605,1
5.27,3.29,9.82,0.605,0.947,1.0,2.64,0.565,0
6.33,9.49,16.42,0.447,0.64,0.781,2.78,0.507,1
8.79,10.88,8.94,0.527,1.0,1.0,3.77,0.641,0
10.0,15.82,11.33,0.418,0.844,0.9,3.01,0.624,1
9.15,16.47,12.22,0.505,0.502,0.829,2.82,0.545,1
6.7,8.96,9.66,0.311,0.779,0.769,2.56,0.497,1
11.7,12.09,9.69,0.317,0.898,0.68,2.66,0.579,0
11.22,12.83,15.13,0.435,0.792,0.792,3.61,0.609,0
8.52,32.74,8.7,0.752,0.906,0.924,2.7,0.719,0
7.04,28.81,21.05,0.25,0.718,0.778,2.42,0.611,0
10.65,15.53,10.49,0.326,0.663,0.729,2.3,0.548,0
9.56,15.82,32.86,0.368,0.811,0.74,2.31,0.652,0
4.66,11.1,13.29,0.825,0.824,0.939,1.72,0.588,0
8.8,6.55,16.43,0.457,0.778,0.976,2.17,0.593,0
9.79,17.3,8.23,0.437,0.967,0.673,3.75,0.597,0
6.3,12.01,26.24,0.362,0.718,0.673,2.56,0.538,0
9.57,17.49,22.72,0.033,0.858,0.841,3.19,0.619,1
4.64,8.4,17.78,0.639,0.828,1.0,0.96,0.587,1
13.01,13.43,7.92,0.192,0.633,0.963,3.1,0.586,1
12.74,18.89,17.26,0.424,0.662,0.58,2.59,0.592,0
8.24,20.2,9.27,0.197,0.821,0.738,2.36,0.554,1
10.09,20.5,24.77,0.633,1.0,0.631,2.83,0.692,1
1.77,10.08,20.86,0.552,0.89,0.737,2.35,0.521,0
5.53,23.13,16.57,0.145,0.613,1.0,1.21,0.565,1
8.12,13.2,1.38,0.29,0.447,0.552,3.35,0.391,0
5.78,21.8,10.1,0.472,0.908,0.521,2.87,0.535,0
11.14,17.94,20.13,0.055,0.808,0.647,2.48,0.584,1
14.99,9.74,23.28,0.077,0.957,0.826,2.02,0.676,0
5.47,16.1,22.66,0.383,0.714,0.879,1.67,0.576,1
6.49,20.19,6.45,0.579,0.862,0.85,2.86,0.591,0
9.71,21.68,17.81,0.421,0.922,0.968,3.83,0.698,0
13.83,17.15,22.09,0.667,0.766,0.498,2.84,0.644,0
5.33,27.19,6.05,0.442,0.769,0.97,1.73,0.597,0
9.75,24.05,15.95,0.394,0.823,0.73,2.86,0.632,0
14.46,16.46,17.64,0.631,0.885,0.897,2.66,0.733,0
4.04,22.5,14.2,0.209,0.818,0.568,3.3,0.496,0
5.16,29.6,4.89,0.569,0.937,0.781,3.12,0.61,0
7.73,29.76,14.05,0.623,0.765,0.818,0.8,0.653,1
7.44,10.63,14.04,0.398,0.661,0.965,3.08,0.553,0
11.44,12.44,15.11,0.143,1.0,0.526,2.0,0.569,0
9.72,26.91,12.62,0.044,0.747,0.785,1.7,0.593,1
3.68,11.65,13.34,0.292,0.752,0.606,2.57,0.444,1
